Name,Price
T-bao tbook r8 laptop 15.6 inch windows 10 x5-z8350 4gb 64gb,$204.78
IBM LAPTOP LENOVO T61 WINDOWS 10 WIN COMPUTER WIRELESS WIFI CDRW DVD NOTEBOOK PC,$109.00
HP 17.3 inch 12GB Gaming Laptop AMD A12 3.60GHz 1TB HD Radeon R7 Graphics Win10,$497.95
Ultra-thin Laptop PC 14.1'' Netbook 1366*768 Display pixel 2GB+32GB Windows10,$22.21 to $235.50
New ListingHP SP*ECTREx360 Convertible Full-HD 13.3 Laptop - i7-8550U Quad-Core/16GB/360SSD,$112.82
"Win10.1 15.6"" FullHD Intel Core I7 6500U 8GB RAM +1TBROM 1920x1080 BT 4.0 Laptop",$279.99 to $919.99
14'' GSP Laptop Notebook Computer Quad-Core Bluetooth4.0 Win10 WIRELESS OFFICE `,$0.76 to $221.74
"Panasonic Toughbook CF-52 Mk3 i5 2.4Ghz 15.4"" Win 7 Pro Laptop - PRICE REDUCTION",$152.25 to $447.58
"Core i7 HP EliteBook 2540p Laptop. 2.1GHZ, 4GB, 160GB HDD, Windows 10. ",$177.20
"HP EliteBook 14"" LED UltraBook (Intel Core i7-4600U, 256GB SSD, 8GB RAM, W10Pro)",$382.81
"New ListingMSI GF72VR 7RF-650 Gaming Laptop, 17.3"" FHD, Core i7, GTX 1060, Windows 10 !",$109.00
WINDOWS 7 GETAC RUGGED TOUGHBOOK Laptop Core Duo 3GB RAM 250GB HDD TOUCHSCREEN,$144.37
"New ListingROG GL703GM 17.3"" 120Hz Gaming Laptop i7-8750H GTX 1060 6GB + Xbox One X 1TB !",$178.00
"HP Pavilion 15.6"" TouchScreen Laptop 7th Gen i5-7200U 12GB 1TB DVD-RW 15-cc050wm",$446.99
"New ListingNew HP 15.6"" Intel N3050 2.16GHz 4GB 500GB HD DVD+RW Webcam Windows 10 Laptop",$128.00
"Lenovo Thinkpad T510 laptop i5 2.4GHz 2 to 8gb ram Win10 15.6"" Warranty Grade A-",$145.46 to $306.25
"DELL, HP, LENOVO, SONY LAPTOP - CREATE YOUR OWN SPEC - WINDOWS XP, VISTA, 7, 10",$78.56 to $98.25
"YEPO 737A 13.3"" Laptop Win10 Intel N3450 4-Core 6GB RAM 64GB eMMC HDMI 1920x1080",$215.99
PC COMPUTER NOTEBOOK PORTATILE RICONDIZIONATO QUAD CORE i5 4GB 320GB WINDOWS 7,$209.63
"HP EliteBook 2560p Core i5 2520M 2.50GHz, 4GB RAM 320GB HDD Windows 7 Laptop ",$124.68
"New ListingNew BAK Atlas 12 11.6"" Touch laptop X5-Z8350 1.44GHz 4GB 128GB W10 |Atlas R1-G&%",$29.00
NEW! LENOVO 15.6” Laptop Intel 2.40GHz 4GB 1TB DVD+RW WebCam HDMI USB Windows 10,$284.95
New ListingHP Envy m6-k010dx Laptop,$150.00
New ListingLenovo Thinkpad T440p Laptop Intel i5 @2.60Ghz 4GB RAM Business Notebook,$162.93
New ListingMSI Gaming Laptop *MINT*,$700.00
HP EliteBook 8570p Intel i7 3520M 2.90GHz 8GB Ram 320GB HDD Win 7 - 10 Laptop,$170.62
New ListingPc specialist gaming laptop,$196.89
"New ListingLenovo ThinkPad E531 Laptop, Win 8.1 Pro, 8GB RAM, 465GB HD, Fully Tested",$0.01
"New ListingLenovo ThinkPad E531 Laptop, Win 8.1 Pro, 8GB RAM, 465GB HD, Fully Tested",$1.25
New ListingGoogle Chromebook Pixel 64gb Wifi + LTE Laptop,$59.43
New Listing2018 Thinkpad X1 Carbon 6th Gen i7-8650U 16GB 1TB NVMe SSD HDR WQHD w10P Black,$179.00
New Listingacer Google chromebook 11 cb3-131 C8d2 Laptop White,$78.76
"New ListingLenovo IdeaPad Yoga 2 Pro 13.3in. (128GB, Intel Core i5 4th Gen., 1.6GHz,...",$200.00
"New ListingAlienware m15x Gaming Laptop (300GB HDD, Intel Core i7, 1.73GHz, 8GB) ",$1.30
"Dell D630 ATG Laptop, Core 2 Duo 2.2Ghz, 4Gb RAM, 80Gb HDD Car Diagnostic Inc",$144.37
PC Computer Notebook Laptop Refurbished quad core i5 4gb 160gb Windows 10,$186.32
"New ListingToshiba C855 Laptop (Pentium B970, 4GB RAM, 500GB HDD, Windows 10) & AC",$149.99
Notebook HP 1wy10ea 255 g6 AMD Dual Core 8 GB RAM ddr4/hdd 500gb/Windows 10,$278.49
"New ListingHP Laptop Pavilion g6 - 8GB, 480GB hard drive, AMD 1.90GHz",$30.00
"Lenovo Notebook e2-9010 4gb 500gb 15.6"" Windows 10 v110-15ast NEW guarantee ita",$231.88
"New ListingLenovo ThinkPad E540 Laptop, Win 8.1 Pro, 4GB RAM, 465GB HD, Fully Tested",$0.01
"New ListingLenovo ThinkPad E531 Laptop, Win 8.1 Pro, 4GB RAM, 465GB HD, Fully Tested",$0.01
"Dell LATITUDE D531 AMD 3 GB Ram 80 GB HDD DVD RW WIFI WINDOWS 7 Laptop ",$78.69
New ListingHASEE God of WarT6TI-X5S Laptop Notebook PC for Intel i5-7300HQ Processors I8T6$,$128.00
New ListingHASEE God of War T6TI-X5S Laptop Notebook PC for Intel i5-7300HQ Processors I8T&,$128.00
"NEW Dell XPS 13 9365 i7-7Y75 13.3"" InfinityEdge Touch 8GB 256GB SSD 2in1 Laptop",$979.00
"New ListingIBM Thinkpad T40 / T42 Laptop Windows 98, 1.7GHz, 40GB HD , 14"" Screen ",$85.00
New ListingDell xps 15 9560 fhd core i7 laptop 2.80ghz 16gb 1tb ssd nvidia geforce gtx 1050,$29.13
New Listinghp Pavilion G Series Laptop (spares Or Repair),$13.13
"Jumper Ezbook 2 14.1"" FHD 1920*1080 Windows 10 4gb+64gb WiFi Laptop Notebook PC",$151.47
